{"initial_reset_timestamp": 1601683395.87223, "timestamps": [1601683398.0384684], "episode_lengths": [114], "episode_rewards": [-48.35667894116628], "episode_types": ["t"]}